,accuracy,loss
0,1.6255812695931127e-08,0.8600478172302246
1,1.6255812695931127e-08,0.6866028904914856
